<?xml version="1.0" encoding="UTF-8"?>
<project-private xmlns="http://www.netbeans.org/ns/project-private/1">
    <editor-bookmarks xmlns="http://www.netbeans.org/ns/editor-bookmarks/2" lastBookmarkId="0"/>
    <open-files xmlns="http://www.netbeans.org/ns/projectui-open-files/2">
        <group>
            <file>file:/F:/%5E_%5E%20Dinda/5/SisTer%20Praktikum%20%20(%20Sistem%20Terdistribusi%20)/Praktikum/6.MultiThread/14650036_DindaOcktaN_Praktikum6/src/Tugas/multiclient_client.java</file>
            <file>file:/F:/%5E_%5E%20Dinda/5/SisTer%20Praktikum%20%20(%20Sistem%20Terdistribusi%20)/Praktikum/6.MultiThread/14650036_DindaOcktaN_Praktikum6/src/Tugas/multiclient_server.java</file>
        </group>
    </open-files>
</project-private>
